{
  "eur_xof": 655.166135494303,
  "usd_xof": 628.434702
}